text,label
"[Vietcombank] Tai khoan cua quy khach da bi tam khoa do dang nhap bat thuong. Vui long xac minh tai: vietcombank-xacminh.top de tranh bi khoa vinh vien.",scam
"Thông báo: Tài khoản ngân hàng của bạn sẽ bị khóa trong 24h. Cập nhật thông tin ngay tại http://bidv-capnhat.xyz",scam
"Kính gửi quý khách, tài khoản của quý khách có giao dịch bất thường. Vui lòng truy cập link sau để xác thực sinh trắc học: https://bit.ly/3xVcb9k",scam
"Ngân hàng thông báo: thẻ ATM của bạn đã hết hạn. Gia hạn miễn phí tại techcombank-giahan.com và nhập mã OTP để hoàn tất.",scam
"Bạn vui lòng đọc giúp mình mã OTP vừa gửi về điện thoại nhé, mình là nhân viên ngân hàng đang hỗ trợ hoàn tiền cho bạn.",scam
"[MB Bank] Quy khach duoc hoan tien 2.500.000d. Nhan tien tai mbbank-hoantien.online truoc 23h hom nay.",scam
"Chúc mừng! Số điện thoại của bạn đã trúng giải thưởng iPhone 17 Pro Max. Nộp phí vận chuyển 350.000đ để nhận quà.",scam
"Bạn là khách hàng may mắn nhận được phần quà trị giá 20 triệu đồng. Click ngay: https://quatang-tri-an.click để nhận thưởng.",scam
"CHÚC MỪNG BẠN ĐÃ TRÚNG THƯỞNG 100.000.000 VNĐ từ chương trình tri ân khách hàng. Liên hệ Zalo 0987xxxxxx để làm thủ tục.",scam
"Shopee tri ân: bạn nhận được voucher 5 triệu. Đăng nhập tại shopee-voucher-vn.shop để kích hoạt trước khi hết hạn.",scam
"Đây là Công an quận. Anh/chị có liên quan đến một vụ án rửa tiền. Yêu cầu chuyển toàn bộ số dư vào tài khoản tạm giữ để điều tra, không được báo cho người thân.",scam
"Cơ quan điều tra thông báo bạn có lệnh triệu tập khẩn. Để tránh bị bắt giữ, hãy cài ứng dụng theo đường link và làm theo hướng dẫn.",scam
"Tôi là cán bộ công an phường, yêu cầu bạn cập nhật định danh điện tử VNeID qua link vneid-capnhat.net nếu không sẽ bị khóa căn cước.",scam
"Thông báo từ Viện Kiểm sát: bạn đang nợ cước viễn thông và liên quan đến đường dây ma túy. Gọi ngay số này để được hướng dẫn.",scam
"Bạn có một bưu kiện bị giữ tại hải quan do thiếu phí. Thanh toán 45.000đ tại giaohangnhanh-phi.top để được giao hàng.",scam
"VNPost: Đơn hàng của bạn không giao được do sai địa chỉ. Cập nhật địa chỉ và thanh toán phí tại https://vnpost-capnhat.info",scam
"Shipper đây ạ, đơn của chị bị lỗi, chị chuyển trước 30k phí ship rồi em giao nhé, số tài khoản em gửi ở dưới.",scam
"Tuyển cộng tác viên làm việc tại nhà, việc nhẹ lương cao 500k-2tr/ngày, chỉ cần điện thoại. Nhắn Zalo để nhận nhiệm vụ.",scam
"Việc làm online: like video, đánh giá sản phẩm nhận hoa hồng 15%. Nạp tiền làm nhiệm vụ để mở khóa đơn hàng lớn hơn.",scam
"Bạn đã được chọn làm CTV cho sàn thương mại điện tử. Đặt cọc 1 triệu để nhận đơn đầu tiên, hoàn tiền kèm hoa hồng sau 10 phút.",scam
"Cần tuyển gấp 20 bạn sinh viên làm part-time, không cần kinh nghiệm, thu nhập 15 triệu/tháng. Đóng phí hồ sơ 200k để giữ chỗ.",scam
"Vay tiền nhanh không cần thế chấp, giải ngân trong 5 phút, chỉ cần CCCD. Nộp phí bảo hiểm khoản vay trước khi nhận tiền.",scam
"Hồ sơ vay của bạn đã được duyệt 50 triệu. Do sai số tài khoản, bạn cần chuyển 3 triệu để mở khóa khoản vay.",scam
"Đầu tư tiền ảo lợi nhuận 30% mỗi tuần, cam kết không lỗ. Tham gia nhóm Telegram VIP để nhận tín hiệu.",scam
"Chị ơi em đang có dự án đầu tư vàng lợi nhuận 5%/ngày, chị bỏ vào 10 triệu thử đi, rút được ngay.",scam
"Sàn giao dịch chứng khoán quốc tế, nạp 2 triệu nhận thưởng 2 triệu, rút tiền bất cứ lúc nào. Đăng ký: invest-vn-pro.vip",scam
"Mẹ ơi con bị mất điện thoại, đây là số mới của con. Mẹ chuyển gấp cho con 5 triệu vào tài khoản này nhé, con đang cần lắm.",scam
"Alo, tao đây, tao đang kẹt ở viện, chuyển gấp cho tao 10 triệu, đừng gọi lại vì máy tao sắp hết pin.",scam
"Bạn ơi mình đang ở nước ngoài, tài khoản bị khóa, bạn chuyển giúp mình 3 triệu vào số này, mai mình trả gấp đôi.",scam
"Em là bạn của con chị, cháu bị tai nạn đang cấp cứu, chị chuyển ngay 20 triệu viện phí vào số tài khoản này.",scam
"Tôi có ảnh và video nhạy cảm của bạn. Nếu không chuyển 10 triệu trong 24 giờ, tôi sẽ gửi cho toàn bộ bạn bè và gia đình bạn.",scam
"Chuyển tiền đi nếu không muốn ảnh của mày bị phát tán lên mạng. Mày có 2 tiếng.",scam
"Tài khoản Facebook của bạn vi phạm tiêu chuẩn cộng đồng và sẽ bị vô hiệu hóa. Kháng nghị tại meta-support-appeal.com",scam
"Facebook: Trang của bạn sẽ bị xóa trong 24h do vi phạm bản quyền. Xác minh ngay: https://fb-help-center.net/verify",scam
"Zalo của bạn đăng nhập trên thiết bị lạ. Nếu không phải bạn, nhập mật khẩu tại zalo-baomat.site để bảo vệ tài khoản.",scam
"Bạn nhận được tin nhắn thoại mới. Nghe tại: https://tinyurl.com/nghe-tin-nhan",scam
"EVN thông báo: hóa đơn tiền điện của bạn quá hạn, sẽ bị cắt điện trong hôm nay. Thanh toán ngay tại evn-thanhtoan.xyz",scam
"Cục thuế thông báo bạn được hoàn thuế 3.200.000đ. Cài ứng dụng eTax giả lập qua link để nhận tiền.",scam
"Bảo hiểm xã hội: bạn có khoản trợ cấp chưa nhận. Truy cập bhxh-nhantien.com và nhập số thẻ ngân hàng.",scam
"Xin chào, em là nhân viên Viettel, sim của anh sắp bị khóa 2 chiều do chưa chuẩn hóa thông tin. Anh đọc mã OTP để em hỗ trợ.",scam
"Mobifone tặng bạn 100GB data miễn phí. Soạn tin theo hướng dẫn và cung cấp mã xác nhận để kích hoạt.",scam
"Gửi bạn link khảo sát nhận ngay 200k vào ví MoMo: momo-khaosat.click. Chỉ còn 50 suất!",scam
"Ví MoMo của bạn bị trừ tiền nhầm. Liên hệ hotline giả và cung cấp mật khẩu để được hoàn lại.",scam
"Học bổng toàn phần du học Mỹ, không cần IELTS. Đóng phí xét hồ sơ 2 triệu trước ngày mai để giữ suất.",scam
"Bạn trúng tuyển chương trình trao đổi sinh viên, vui lòng chuyển phí đặt cọc 5 triệu để làm visa nhanh.",scam
"Anh ơi em gửi nhầm 2 triệu vào tài khoản anh, anh chuyển lại giúp em vào số khác này với ạ, em cảm ơn.",scam
"Thông báo khẩn: tài khoản của bạn đã bị hack. Bấm vào đây ngay để đổi mật khẩu: bit.ly/doi-mk-ngay",scam
"Hãy cài app Hỗ trợ khách hàng theo link này để chúng tôi điều khiển máy và hỗ trợ bạn rút tiền hoàn.",scam
"Tài khoản của bạn đủ điều kiện nâng hạn mức thẻ tín dụng lên 100 triệu, cung cấp số thẻ, ngày hết hạn và mã CVV.",scam
"Bạn được mời vào nhóm kín kiếm tiền online, chỉ dành cho người được chọn, cơ hội cuối cùng hôm nay.",scam
"Gấp!!! Xác nhận ngay danh tính trong 30 phút nếu không tài khoản sẽ bị đóng vĩnh viễn: acb-online-verify.com",scam
"Quý khách được miễn phí thường niên trọn đời. Vui lòng xác nhận bằng cách nhập tên đăng nhập và mật khẩu internet banking.",scam
"Mình là admin nhóm, bạn đã trúng minigame, gửi ảnh 2 mặt CCCD và số tài khoản để nhận thưởng nhé.",scam
"Chị ơi em thấy chị bán hàng, em chuyển tiền rồi mà lỗi, chị đăng nhập link này kiểm tra giúp em: banking-check.top",scam
"Chúng tôi đã phát hiện virus trên điện thoại của bạn. Tải ứng dụng diệt virus ngay tại đây để tránh mất dữ liệu.",scam
"Hey babe, I'm a doctor working overseas, I sent you a gift package but customs need a fee, please transfer to my agent.",scam
"Your Netflix account is on hold. Update your payment details at netflix-billing-help.com within 24 hours.",scam
"You have won $5,000! Claim your prize now by sending your bank details and a small processing fee.",scam
"Urgent: your PayPal account has been limited. Log in here to restore access: paypal-secure-login.info",scam
"Hi, this is HR from a big company, we offer remote job $300/day, just need to pay a training fee first.",scam
"Mình đang cần tiền gấp, bạn mua giúp mình thẻ cào Viettel 5 cái mệnh giá 500k rồi gửi mã thẻ qua đây nhé.",scam
"Bạn ơi bình chọn giúp con mình cuộc thi ảnh với, đăng nhập Facebook qua link này nha: binhchon-be-yeu.com",scam
"Tài khoản game của bạn trúng skin hiếm, đăng nhập tại garena-qua-tang.online để nhận.",scam
"Phát hiện tài khoản của bạn đăng ký vay tại 5 app. Để hủy, liên hệ ngay và chuyển phí xử lý hồ sơ.",scam
"Bạn nợ tiền app vay, nếu không trả trong hôm nay chúng tôi sẽ gửi ảnh bạn kèm thông tin tới toàn bộ danh bạ.",scam
"Tuyển người mẫu ảnh online, gửi ảnh riêng tư để duyệt hồ sơ, thù lao 5 triệu/buổi.",scam
"Mai 7h sáng học lớp Cấu trúc dữ liệu ở phòng B203 nhé mọi người.",safe
"Tối nay nhóm mình họp online lúc 8h qua Google Meet, link mình gửi trong group lớp rồi.",safe
"Mẹ ơi con về muộn chút, đang học nhóm ở thư viện.",safe
"Ê mai đi ăn bún chả không, quán cũ gần trường ấy.",safe
"Cảm ơn bạn đã gửi tài liệu, mình đọc rồi, mai mình góp ý thêm.",safe
"Thầy ơi em xin phép nộp bài tập lớn muộn một ngày vì em bị ốm ạ.",safe
"Nhớ mang theo laptop và sạc cho buổi thực hành ngày mai nha.",safe
"Ok mình chuyển khoản tiền ăn tối qua cho bạn rồi nhé, 120k.",safe
"Bố mẹ khỏe không ạ, cuối tuần này con về quê.",safe
"Lịch thi cuối kỳ đã có trên cổng thông tin sinh viên, mọi người tự kiểm tra nhé.",safe
"[Vietcombank] So du TK 0123xxxx: +2,000,000VND luc 14:32 05/10. ND: chuyen tien an trua.",safe
"Ma OTP cua ban la 482913. Tuyet doi KHONG cung cap ma nay cho bat ky ai, ke ca nhan vien ngan hang.",safe
"[Techcombank] Giao dich -150,000 VND tai Circle K luc 21:05. So du: 3,245,000 VND.",safe
"Đơn hàng #A12345 của bạn đã được giao thành công. Cảm ơn bạn đã mua sắm.",safe
"Shopee: Đơn hàng của bạn đang được vận chuyển, dự kiến giao ngày 08/10. Kiểm tra trong ứng dụng Shopee.",safe
"Grab: Tài xế của bạn đang đến, biển số 29A-123.45.",safe
"Nhắc lịch: khám răng lúc 9h sáng thứ Bảy tại phòng khám.",safe
"Bạn ơi tuần sau CLB tổ chức workshop về Python, bạn đăng ký qua form của trường nhé.",safe
"Hôm nay trời mưa to, mọi người đi đường cẩn thận.",safe
"Mình gửi bạn file slide thuyết trình, bạn xem lại phần 3 giúp mình với.",safe
"Chúc mừng sinh nhật nhé! Chúc bạn tuổi mới nhiều niềm vui.",safe
"Thông báo: thư viện trường đóng cửa ngày 10/10 để bảo trì hệ thống.",safe
"Anh ơi em gửi báo giá như đã trao đổi, anh xem rồi phản hồi em nhé.",safe
"Mình đến muộn 10 phút, mọi người cứ bắt đầu trước đi.",safe
"Ngân hàng không bao giờ yêu cầu khách hàng cung cấp mật khẩu hoặc mã OTP qua điện thoại, tin nhắn hay email.",safe
"Cảnh báo: thời gian gần đây xuất hiện nhiều tin nhắn giả mạo ngân hàng, quý khách lưu ý không bấm vào đường link lạ.",safe
"Con nhớ ăn uống đầy đủ nhé, mẹ gửi đồ ăn lên rồi, mai bác xe khách gọi con ra lấy.",safe
"Tuần này mình nghỉ làm thêm, chủ nhật mình rảnh, đi cà phê không?",safe
"Lớp mình nộp tiền quỹ 50k cho lớp trưởng trước thứ Sáu nhé.",safe
"Bài giảng tuần 5 đã được đăng lên hệ thống học trực tuyến của trường.",safe
"Ê bài tập Machine Learning làm tới đâu rồi, câu 3 khó quá.",safe
"Cuối tuần này team mình đi tình nguyện ở trường tiểu học, ai đi được thì báo nhé.",safe
"Em cảm ơn chị đã giới thiệu em vào vị trí thực tập, em sẽ chuẩn bị CV và gửi qua email công ty ạ.",safe
"Chủ nhật này nhà mình ăn cơm với ông bà nhé con.",safe
"Mình mượn bạn cuốn giáo trình Mạng máy tính tí, mai trả nha.",safe
"[Viettel] Quy khach da nap thanh cong 100.000d vao thue bao. Tran trong.",safe
"Mã xác nhận Zalo của bạn là 5821. Không chia sẻ mã này với người khác.",safe
"Bạn đã đặt lịch hẹn thành công tại tiệm cắt tóc lúc 17h hôm nay.",safe
"Phim mới ra rạp hay lắm, tối thứ Bảy đi xem không?",safe
"Dạ em đã nhận được hàng, sản phẩm rất tốt, cảm ơn shop.",safe
"Hello, are we still meeting at 3pm for the project discussion?",safe
"Thanks for your email, I've attached the report you requested.",safe
"Your package from the online store was delivered today. Have a nice day!",safe
"Reminder: the team meeting has been moved to Thursday at 10am.",safe
"Good luck on your exam tomorrow, you've got this!",safe
"Mình vừa đổi số điện thoại, đây là số mới của mình, lưu lại nhé. Gặp nhau ở lớp mai.",safe
"Bạn chuyển giúp mình tiền mua sách chung nhé, 85k, số tài khoản cũ của mình như mọi lần.",safe
"Thông báo tuyển thành viên CLB An toàn thông tin, phỏng vấn trực tiếp tại phòng C105 thứ Tư này.",safe
"Công ty gửi bạn thư mời phỏng vấn vị trí thực tập sinh phần mềm vào 9h ngày 12/10 tại văn phòng.",safe
"Em chào cô, em gửi cô bài báo cáo thực tập, em cảm ơn cô ạ.",safe
"Nhóm mình chốt đề tài nhận diện tin nhắn lừa đảo cho môn học nhé.",safe
"Cập nhật: ứng dụng ngân hàng có phiên bản mới, quý khách cập nhật qua App Store hoặc Google Play.",safe
"Hôm qua công an phường đến kiểm tra phòng cháy chữa cháy ở khu trọ, mọi người nhớ mua bình chữa cháy nhé.",safe
"Mình trúng tuyển học bổng của trường rồi, vui quá, tối nay mình mời cả nhóm đi ăn.",safe
"Bác ơi cháu gửi bác tiền nhà tháng này qua chuyển khoản rồi ạ.",safe
"Sáng mai 6h đi chạy bộ ở công viên không?",safe
"Mình bị mất ví hôm qua, may có người nhặt được trả lại, người tốt thật.",safe
"Đọc bài này hay lắm về cách bảo vệ tài khoản bằng xác thực hai lớp, bạn đọc thử xem.",safe
"Nhớ bật xác thực hai lớp cho Facebook nhé, dạo này nhiều người bị hack lắm.",safe
"Ảnh hôm đi dã ngoại đẹp quá, gửi mình mấy tấm nhé.",safe
"Tiền điện tháng này 450k, mọi người chia đều nhé.",safe
"Hôm nay mình đi khám, bác sĩ bảo nghỉ ngơi vài ngày là khỏe.",safe
"[Vietcombank] TK 1023xxxx789 -500,000VND luc 09:15 06/10. SD: 4,120,500VND. ND: thanh toan hoc phi",safe
"BIDV: 07/10/2026 12:03 TK 2134xxxx +1,500,000VND. SD: 6,780,000VND. ND: luong thang 9",safe
"[MB Bank] TK 0901xxxx: -45,000VND luc 18:22 05/10. SD 912,000VND. ND: QR thanh toan Highlands",safe
"Agribank: TK 1500xxxx luc 08:01 06/10/2026 +3,000,000VND. So du: 3,420,000VND. ND: me gui tien sinh hoat",safe
"VietinBank thong bao: Giao dich the ghi no -250,000 VND tai WINMART ngay 05/10. So du kha dung 2,110,000 VND.",safe
"Techcombank: Quy khach vua dang nhap Techcombank Mobile tren thiet bi moi luc 20:14. Neu khong phai quy khach, vui long goi tong dai ghi tren the.",safe
"Vietcombank thông báo: ngày 15/10 ngân hàng nâng cấp hệ thống, ứng dụng VCB Digibank có thể gián đoạn từ 0h đến 2h. Quý khách không cần thực hiện thao tác nào.",safe
"Số dư tài khoản của bạn đã thay đổi: +120.000đ từ NGUYEN VAN A, nội dung: tra tien tra sua.",safe
"[TPBank] Thanh toan thanh cong hoa don dien thang 9: 386,000 VND. Cam on quy khach.",safe
"MoMo: Bạn đã nhận 50.000đ từ Lan. Lời nhắn: tiền vé xem phim. Xem chi tiết trong ứng dụng MoMo.",safe
"Ma OTP giao dich chuyen tien 1,000,000VND cua Quy khach la 739204. Ma co hieu luc 3 phut. KHONG chia se ma OTP voi bat ky ai.",safe
"[Vietcombank] Quy khach vua dang ky thanh cong Smart OTP tren dien thoai. Neu khong phai quy khach thuc hien, vui long lien he chi nhanh gan nhat.",safe
"Thong bao: the tin dung cua Quy khach co sao ke thang 9 la 2,450,000 VND, han thanh toan 25/10. Thanh toan qua ung dung ngan hang.",safe
"Sacombank cảnh báo: không truy cập đường link lạ, không cài ứng dụng ngoài CH Play/App Store. Sacombank không gửi link qua tin nhắn.",safe
"Viettel thong bao: goi cuoc thang cua Quy khach da duoc gia han thanh cong. Chi tiet xem trong ung dung My Viettel.",safe
"[VNPost] Buu gui EB123456789VN da giao thanh cong ngay 05/10. Cam on quy khach.",safe
"GHN: Đơn hàng của bạn sẽ được giao trong hôm nay, shipper sẽ gọi trước khi đến. Thanh toán khi nhận hàng 189.000đ.",safe
"Shopee: Đơn hàng đã giao thành công. Vui lòng kiểm tra và bấm Đã nhận được hàng trong ứng dụng Shopee.",safe
"EVN thông báo: tiền điện kỳ tháng 9 của quý khách là 412.000đ. Vui lòng thanh toán qua ứng dụng ngân hàng hoặc tại https://www.evn.com.vn",safe
"Phòng Đào tạo thông báo: sinh viên đóng học phí học kỳ 1 trước ngày 20/10 qua ứng dụng ngân hàng hoặc tại phòng Tài vụ.",safe
"Con chuyển cho mẹ 500 nghìn tiền chợ rồi nhé, mẹ kiểm tra tài khoản xem đủ chưa.",safe
"Bạn ơi tối qua mình ăn lẩu hết 600k, chia 4 người mỗi người 150k, chuyển vào tài khoản mình như mọi lần nhé.",safe
"Zalo: Tài khoản của bạn vừa đăng nhập trên máy tính Windows lúc 21:40. Nếu không phải bạn, hãy đổi mật khẩu trong ứng dụng Zalo.",safe
"Mã đăng nhập Facebook của bạn là 482019. Không chia sẻ mã này với bất kỳ ai.",safe
"Ngân hàng Nhà nước khuyến cáo: người dân cập nhật sinh trắc học trực tiếp trên ứng dụng ngân hàng chính thức, không làm theo hướng dẫn qua điện thoại hay đường link.",safe
"Cong an phuong thong bao: nguoi dan can giac voi cuoc goi mao danh cong an yeu cau chuyen tien. Cong an khong lam viec qua dien thoai.",safe
"[ACB] Quy khach da thay doi han muc chuyen tien tren ACB ONE thanh cong luc 10:12 06/10.",safe
"Lịch thi giữa kỳ môn Học máy: thứ 5 ngày 16/10, 7h30, phòng A305. Mang theo thẻ sinh viên.",safe
"Tiki: Mã giảm giá 30.000đ cho đơn đầu tiên của bạn đã được thêm vào ví. Mua sắm trong ứng dụng Tiki.",safe
"Cảm ơn bạn đã thanh toán 65.000đ cho chuyến xe Grab. Hóa đơn chi tiết có trong ứng dụng.",safe
"[Vietcombank] TK cua Quy khach bi tru 4,500,000VND luc 22:10. Neu khong phai Quy khach thuc hien, huy giao dich tai vcb-huygiaodich.com",scam
"BIDV: Quy khach nhan duoc 15,000,000VND tu chuong trinh hoan tien. De nhan, xac nhan tai bidv-hoantien.site va nhap ma OTP.",scam
"So du TK 0123xxxx +50,000,000VND. ND: tien thuong du an. Vui long dang nhap tai acb-nhantien.top de kich hoat giao dich trong 30 phut.",scam
"[Techcombank] Phat hien dang nhap la tu thiet bi khac. Huy dang nhap ngay tai tcb-baomat.info neu khong phai ban.",scam
"MoMo: Bạn được hoàn 2.000.000đ do giao dịch lỗi. Nhận tiền tại momo-hoantien.click, nhập mã OTP để xác nhận.",scam
"Ngân hàng thông báo: từ 1/11 tài khoản chưa cập nhật sinh trắc học sẽ bị khóa. Cập nhật ngay tại https://bit.ly/sinhtrachoc-nh",scam
"[VietinBank] The cua quy khach da bi tru phi thuong nien 1,200,000d. De huy phi, lien he nhan vien qua Zalo va cung cap so the cung ma CVV.",scam
"Shopee: Đơn hàng của bạn bị giữ tại kho do sai địa chỉ. Thanh toán phí giao lại 25.000đ tại shopee-giaolai.xyz trong 2 giờ.",scam
"EVN thông báo: nhà bạn sẽ bị cắt điện tối nay do nợ tiền điện. Liên hệ nhân viên và chuyển khoản ngay vào số tài khoản cá nhân để tránh bị cắt.",scam
"VNeID: Tài khoản định danh của bạn sắp hết hạn. Tải ứng dụng cập nhật tại vneid-capnhat.online để tránh bị khóa.",scam
